2,1,2,0,67,75,198,201,205,127,106,77,140,152,102,135,133,214,141,130,83,132,124,159,137,62,88,120,94,115,173,125,84,133,69,192,36,151,212,210,126,177,1,0
2,2,0,0,0,0,0,0,36,46,126,56,99,260,143,95,88,93,11,96,31,24,271,138,187,80,76,131,71,179,165,176,150,154,71,89,135,71,83,21,76,120,0,0
2,0,0,0,0,0,0,0,0,0,0,0,0,204,2,10,46,4,4,70,78,112,110,127,30,1,7,5,26,6,10,1,3,1,34,30,15,0,1,2,19,83,0,0
2,0,0,0,0,5,0,6,0,0,0,9,8,8,2,66,3,8,13,124,107,1,5,23,1,26,97,102,8,2,2,6,8,0,0,129,40,0,1,1,3,54,0,0
1,0,0,0,0,0,0,0,0,0,0,0,0,3,2,2,0,81,132,13,120,6,2,50,59,1,12,3,1,1,0,3,11,1,23,2,25,0,1,49,47,3,0,1
1,0,0,0,0,0,0,0,0,9,7,36,25,17,29,0,96,15,0,80,22,34,131,15,0,6,70,3,2,0,0,1,1,1,2,0,0,4,1,0,0,4,0,0
1,0,0,0,0,55,4,54,0,1,0,56,55,1,27,135,2,6,9,2,3,0,0,0,1,1,39,23,1,0,0,1,0,0,1,2,1,0,0,0,0,0,0,0
1,0,0,43,16,70,17,32,16,0,0,1,28,0,0,13,2,1,0,0,0,0,0,0,0,0,1,4,0,0,0,0,0,0,27,35,96,27,1,0,0,1,0,0
1,0,2,0,0,10,1,1,0,0,1,9,0,0,0,0,16,51,0,1,0,0,0,7,23,13,85,13,88,24,0,0,4,10,2,4,23,42,2,1,2,4,0,0
1,0,0,41,9,79,30,47,19,0,1,1,55,0,0,26,8,1,1,0,0,0,0,0,0,0,0,12,2,1,1,0,0,0,0,13,9,0,0,0,0,0,0,0
1,0,0,49,16,10,2,18,0,7,24,2,8,0,0,0,9,37,0,0,0,0,0,27,35,26,5,1,2,4,0,0,0,2,2,0,23,21,13,0,2,1,0,0
1,0,0,0,0,0,0,0,0,0,0,0,0,0,40,54,0,1,1,0,0,0,0,0,0,0,14,41,45,68,8,6,0,37,0,0,14,0,0,26,44,0,0,0
1,0,0,0,130,45,52,103,2,0,0,0,0,0,0,0,0,0,0,0,0,0,0,0,0,0,0,0,0,0,0,0,0,0,0,0,0,1,0,0,0,0,30,0
1,1,0,0,0,0,0,0,0,2,6,1,30,82,64,0,0,28,0,1,0,0,1,1,0,0,47,1,0,4,0,0,13,21,0,0,2,2,0,0,1,15,0,0
1,0,0,0,0,0,0,0,18,9,37,15,82,1,0,1,1,0,0,2,0,0,0,11,9,28,1,0,0,0,0,0,0,0,15,2,15,4,0,0,11,1,0,0
1,1,144,3,1,4,1,4,0,0,35,8,38,3,0,0,1,1,0,0,0,0,0,0,0,0,5,1,0,0,0,0,0,0,0,0,0,0,0,0,0,0,0,0
1,0,0,0,0,0,0,0,0,0,0,0,0,0,96,15,4,1,0,0,0,0,0,0,0,94,51,0,1,0,0,0,0,0,0,0,0,2,0,0,0,0,0,0
1,0,0,0,13,50,31,14,3,0,0,0,1,0,0,0,0,16,2,1,0,0,0,0,0,0,21,18,0,0,0,0,0,2,0,0,0,19,0,18,2,27,35,0
1,0,0,0,0,0,0,2,13,108,4,4,27,1,0,1,0,1,0,0,0,1,0,2,0,1,21,0,2,0,0,0,2,0,0,13,8,0,0,0,0,0,0,5
1,0,0,0,0,0,0,0,4,9,32,25,31,39,0,1,3,0,0,2,0,0,0,16,9,21,0,0,0,0,0,0,0,0,11,0,7,2,0,0,11,0,0,0
1,0,0,16,10,68,21,25,7,0,0,0,19,0,0,4,2,0,1,0,0,0,0,0,0,0,0,4,0,0,0,0,0,0,0,9,2,0,0,0,0,0,0,0
1,0,0,0,0,0,61,34,2,0,0,0,3,0,0,0,0,3,0,0,0,0,0,0,0,0,14,22,1,0,0,1,0,4,0,2,0,34,6,14,4,4,0,0
1,0,0,21,15,37,27,13,9,0,0,0,17,0,0,13,3,0,0,0,0,0,0,0,0,0,0,9,1,0,0,0,0,0,0,10,5,0,0,0,0,0,0,0
1,0,110,24,0,1,0,0,0,0,31,2,18,1,0,0,0,0,0,0,0,0,0,0,0,2,0,0,0,0,0,0,0,0,0,0,0,1,0,0,0,0,0,0
1,0,0,0,0,0,0,1,1,24,28,9,31,2,1,0,1,0,0,2,0,1,0,13,10,13,0,0,0,0,0,0,1,0,5,2,11,7,0,0,4,1,0,0
1,0,0,0,0,0,0,0,25,16,24,15,18,0,0,0,1,0,0,0,0,0,0,5,6,56,1,0,0,0,0,0,0,0,2,0,0,1,0,0,7,0,0,0
1,0,0,16,5,37,18,17,2,0,0,0,11,0,0,7,1,0,0,0,0,0,0,0,0,0,0,3,0,0,0,0,0,0,0,8,2,0,0,0,0,0,0,0
1,0,0,0,0,0,0,0,0,0,0,0,0,0,0,0,1,0,0,0,0,0,0,0,0,78,58,0,2,0,0,0,0,0,0,0,0,1,0,0,0,0,0,0
1,0,0,0,0,0,0,0,0,0,0,0,0,0,0,0,0,0,0,0,0,0,0,0,0,0,0,0,0,0,48,17,104,37,8,0,0,0,1,0,16,0,0,0
1,0,0,0,0,0,0,0,0,0,0,0,0,0,0,0,0,0,0,0,0,0,0,0,0,0,0,0,0,0,0,0,0,0,0,0,0,0,0,0,0,0,0,0
1,0,0,0,0,0,0,0,0,0,0,0,0,0,0,0,0,0,0,0,0,0,0,0,0,0,0,13,45,15,0,0,0,0,1,0,0,21,46,2,1,1,0,0
1,0,0,0,0,0,14,4,0,2,0,0,0,0,0,0,0,0,0,0,0,0,0,0,0,69,23,0,1,0,0,0,0,0,0,13,2,0,0,1,0,0,0,2
1,2,0,0,0,0,0,0,0,0,0,0,0,0,0,0,0,0,0,0,0,0,0,0,0,0,0,0,0,0,0,50,28,6,3,0,1,1,4,1,7,0,0,0
1,0,0,15,1,21,11,7,5,0,0,0,6,1,0,6,1,0,1,0,0,0,0,0,0,0,0,1,0,0,0,0,0,0,0,21,9,4,0,0,0,0,0,0
1,0,17,54,28,6,0,1,0,0,1,0,0,0,0,0,13,0,0,0,0,0,0,0,0,0,2,0,0,0,0,0,0,0,0,0,0,0,0,0,0,0,0,0
1,0,0,20,14,12,2,2,4,4,0,4,12,0,1,4,0,0,0,0,0,0,0,0,0,0,0,0,0,0,0,0,0,0,1,4,2,0,1,0,0,0,0,0
1,0,0,0,0,0,0,0,0,0,0,0,0,0,25,0,0,0,0,0,0,0,0,0,0,0,0,0,0,0,55,17,12,0,0,0,0,0,0,0,3,0,0,0
1,1,67,6,2,0,0,0,0,0,2,1,1,0,0,0,4,0,0,0,0,0,0,0,0,0,0,0,0,0,0,0,0,0,0,0,0,0,0,0,0,0,0,0
1,0,0,0,0,0,0,0,6,11,4,0,0,0,0,0,0,0,0,0,0,0,0,37,11,6,0,1,0,0,0,0,0,0,11,0,6,0,0,0,5,1,0,0
1,0,4,13,25,5,0,9,0,0,0,0,0,0,0,0,0,0,0,0,0,0,0,0,0,0,0,0,0,0,0,0,0,0,0,0,0,8,0,27,0,0,0,0
1,0,0,0,3,26,12,54,0,0,0,0,0,0,0,0,0,0,0,0,0,0,0,0,0,0,0,0,0,0,0,0,0,0,0,0,0,1,0,0,0,0,0,0
1,0,0,0,15,21,16,29,0,0,0,0,0,0,0,0,0,0,0,0,0,0,0,0,0,0,0,0,0,0,0,0,0,0,0,0,0,0,0,0,0,0,4,0
1,0,0,0,12,2,3,2,0,0,0,0,0,0,0,0,0,0,0,0,0,0,0,0,0,0,0,0,0,0,0,0,0,0,0,0,0,8,0,8,0,0,49,0
1,0,0,0,7,0,1,6,0,0,0,0,0,0,0,0,0,0,0,0,0,0,0,0,0,0,0,0,0,0,0,0,0,0,0,0,0,16,2,1,0,0,38,1
1,0,0,0,19,5,2,44,0,0,0,0,0,0,0,0,0,0,0,0,0,0,0,0,0,0,0,0,0,0,0,0,0,0,0,0,0,1,0,0,0,2,1,0
1,0,0,0,0,0,0,0,0,0,0,0,0,0,0,0,0,0,0,0,0,0,0,0,0,0,1,0,24,47,0,0,0,0,0,0,0,0,8,0,0,0,0,0
1,0,0,21,3,33,5,4,1,0,0,0,5,0,0,0,0,0,0,0,0,0,0,0,0,0,0,0,0,0,0,0,0,0,0,0,2,0,0,0,0,0,0,0
1,0,0,0,0,45,3,4,0,0,0,4,1,1,1,4,0,2,2,0,0,0,0,0,0,0,0,0,0,0,0,1,0,0,0,0,0,0,0,0,0,0,0,0
1,0,0,0,0,0,0,0,0,0,0,1,0,0,0,40,7,1,1,0,1,0,0,1,0,1,0,1,0,0,1,3,0,0,0,0,0,1,0,0,0,0,0,0
1,0,0,0,0,0,0,0,0,0,0,0,0,0,0,0,0,0,0,0,0,0,0,0,0,0,0,0,0,0,22,25,22,0,0,0,0,0,0,0,0,0,0,0
1,0,0,0,0,18,30,31,1,0,0,0,0,0,0,0,0,0,0,0,0,0,0,0,0,0,0,0,0,0,0,0,0,0,0,0,0,0,0,0,0,0,0,0
1,0,0,0,0,0,1,0,0,0,0,0,0,0,0,0,0,0,0,0,0,0,0,0,0,0,0,0,0,0,0,0,0,0,0,0,0,26,1,1,0,0,36,0
1,0,0,0,0,0,0,0,0,0,0,0,0,0,0,0,41,2,0,0,0,0,1,0,0,1,0,1,10,2,0,0,0,0,0,0,0,0,0,0,0,0,0,0
1,0,0,0,0,0,0,0,0,0,0,0,0,0,0,0,0,0,0,0,0,0,0,0,0,0,0,0,16,23,0,0,0,0,0,0,0,0,0,0,0,10,0,0
1,0,0,0,26,11,2,0,0,0,0,0,0,0,0,0,0,0,0,0,0,0,0,0,0,0,0,0,0,0,0,0,0,0,0,0,0,0,0,0,0,0,0,0
1,0,0,3,0,2,1,0,0,0,0,0,0,0,0,0,0,0,0,0,0,0,0,0,0,0,0,0,0,0,11,9,10,0,0,0,0,0,0,0,0,0,0,0
1,0,0,0,0,0,0,1,0,0,0,0,0,0,0,0,0,0,0,0,0,0,0,0,0,0,22,1,0,0,0,0,0,0,0,5,1,0,1,0,0,0,0,6
1,0,0,0,0,0,0,2,0,0,0,0,0,0,0,0,2,0,0,0,0,0,0,0,0,2,17,0,0,0,0,0,0,0,0,8,1,0,0,0,0,0,0,1
1,0,0,0,0,0,0,1,0,0,0,0,0,0,0,0,0,0,0,0,0,0,0,0,0,0,12,0,0,0,0,0,0,0,0,7,3,0,0,0,0,0,0,3
1,0,0,0,3,2,5,4,0,0,0,0,0,0,0,0,0,6,0,0,0,0,0,0,0,0,0,0,0,0,0,0,0,0,0,0,0,2,0,2,0,0,0,0
1,0,0,0,0,0,0,0,0,0,0,0,0,0,0,0,0,0,0,0,0,0,0,0,0,0,0,0,0,24,0,1,0,3,0,1,1,0,0,0,0,0,0,0
1,0,34,0,0,0,0,0,0,0,1,0,0,0,0,0,0,0,0,0,0,0,0,0,0,0,0,0,0,0,0,0,0,0,0,0,0,0,0,0,0,0,0,0
1,0,0,0,0,0,0,0,0,0,33,0,0,0,0,0,0,0,0,0,0,0,0,0,0,0,0,0,0,0,0,0,0,0,0,0,0,0,0,0,0,0,0,0
1,0,0,21,1,0,0,0,0,0,0,0,0,0,3,2,2,0,0,0,0,0,0,0,0,1,0,0,0,0,0,0,0,0,0,0,0,0,0,0,0,0,0,0
1,1,22,0,0,0,0,0,0,0,0,0,0,0,0,0,0,0,0,0,0,0,0,0,0,0,0,0,0,0,0,0,0,0,0,0,0,0,0,0,0,0,0,0
1,0,0,0,5,3,0,6,0,0,0,0,0,0,0,0,0,0,0,0,0,0,0,0,0,0,0,0,0,0,0,0,0,0,0,0,0,1,0,7,0,0,2,0
1,0,0,0,6,0,0,1,0,0,0,0,0,0,0,0,0,0,0,0,0,0,0,0,0,0,1,0,0,0,0,0,0,0,0,0,0,2,0,0,0,0,6,0
1,0,0,0,0,0,0,0,0,0,14,0,0,0,0,0,0,0,2,0,0,0,0,0,0,0,0,0,0,0,0,2,0,0,0,0,0,0,0,0,0,0,0,0
1,0,0,0,0,0,0,0,0,0,0,0,0,0,0,0,0,0,0,0,0,0,0,0,0,0,0,0,0,0,0,0,0,0,0,0,0,0,0,0,0,17,1,0
1,0,0,0,0,0,0,0,0,0,0,0,0,0,0,0,0,0,0,0,0,0,0,0,0,0,0,0,0,0,0,0,3,12,0,0,0,0,0,0,0,0,0,0
1,0,0,0,9,2,0,1,0,0,0,0,0,0,0,0,0,0,0,0,0,0,0,0,0,0,0,0,0,0,0,0,0,0,0,0,0,0,0,0,0,0,0,0
1,0,0,0,0,0,0,2,8,2,0,0,0,0,0,0,0,2,0,0,0,0,0,0,0,0,0,0,0,0,0,0,0,0,0,0,0,0,0,0,0,0,0,0
1,0,0,0,0,0,0,0,0,0,0,0,0,0,0,0,0,0,0,0,0,0,0,0,0,0,0,0,3,11,0,0,0,0,0,0,0,0,0,0,0,0,0,0
1,0,0,0,0,0,0,0,0,0,0,0,0,0,0,0,4,0,0,0,0,0,0,0,0,0,0,0,6,1,0,0,0,0,0,0,0,0,0,0,0,0,0,0
1,0,0,0,0,0,0,0,0,12,0,1,1,0,0,0,0,0,0,0,0,0,0,0,0,0,0,0,0,0,0,0,0,0,0,0,0,0,0,0,0,0,0,0
1,0,0,0,0,0,0,0,0,0,0,0,0,0,0,0,0,0,0,0,0,0,0,0,0,0,0,0,0,0,0,3,5,0,0,0,0,0,0,0,0,0,0,0
1,0,0,0,0,0,0,2,2,0,0,0,0,0,0,0,0,5,0,0,0,0,0,0,0,0,0,0,0,0,0,0,0,0,0,0,0,0,0,0,0,0,0,0
1,0,0,7,0,0,0,0,0,0,0,0,0,0,0,0,0,0,0,0,0,0,0,0,0,0,0,0,0,0,0,0,0,0,0,0,0,0,0,0,0,0,0,0
1,0,0,8,0,0,0,0,0,0,0,0,0,0,0,0,0,0,0,0,0,0,0,0,0,0,0,0,0,0,0,0,0,0,0,0,0,0,0,0,0,0,0,0
1,0,0,0,0,0,0,0,0,0,0,0,0,0,0,0,0,0,0,0,0,0,0,0,0,0,3,2,0,1,0,0,0,0,0,0,0,0,0,0,0,0,0,0
1,0,0,0,0,0,0,0,0,0,0,0,0,0,0,0,0,0,0,0,0,0,0,0,0,0,1,2,0,1,0,0,0,0,0,0,0,0,0,0,0,0,0,0
1,0,0,0,8,0,0,0,0,0,0,0,0,0,0,0,0,0,0,0,0,0,0,0,0,0,0,0,0,0,0,0,0,0,0,0,0,0,0,0,0,0,0,0
1,0,0,0,0,0,0,0,0,0,0,0,0,0,0,0,0,0,0,0,0,0,0,0,0,0,0,0,0,0,0,0,0,7,0,0,0,0,0,0,0,0,0,0
1,0,0,2,0,0,0,0,0,0,0,0,0,0,0,0,0,0,0,0,0,0,0,0,0,0,0,0,0,0,0,0,0,0,0,0,0,0,0,0,0,0,0,0
1,0,0,0,0,0,0,0,0,0,0,0,0,0,0,0,0,0,0,0,0,0,0,0,0,0,0,0,1,0,0,0,0,0,0,0,0,0,0,0,0,0,0,0
10606,2840,27127,26187,22578,23888,21732,26792,26438,16017,24364,16957,28503,30769,30984,22871,18490,23949,18641,24621,21524,13546,29612,26840,22248,21463,29244,19130,18911,20853,21635,20912,25607,19222,10849,24092,21198,21455,22599,18115,18006,22090,18858,5533
